﻿{"citavi_min_version":{"Major":5,"Minor":8,"Build":0,"Revision":0,"MajorRevision":0,"MinorRevision":0},"Description":"Diese Gruppierungsdefinition sorgt dafür, dass in Ihrem Literaturverzeichnis zuerst die gedruckten Quellen (Bücher, Aufsätze etc.) erscheinen. Danach werden alle zitierten Quellen aufgeführt, die Sie aus dem Internet bezogen haben.","description_localized":{"de":"Diese Gruppierungsdefinition sorgt dafür, dass in Ihrem Literaturverzeichnis zuerst die gedruckten Quellen (Bücher, Aufsätze etc.) erscheinen. Danach werden alle zitierten Quellen aufgeführt, die Sie aus dem Internet bezogen haben."},"Id":"f1d93c08-cd19-47c3-9029-a976fe80dea1","Name":"Gedruckte Literatur, Internetquellen","name_localized":{"de":"Gedruckte Literatur, Internetquellen"},"manifest_version":1,"Version":{"Major":1,"Minor":0,"Build":0,"Revision":2,"MajorRevision":0,"MinorRevision":0}}