﻿{"Language":"de","citavi_min_version":{"Major":5,"Minor":8,"Build":0,"Revision":0,"MajorRevision":0,"MinorRevision":0},"Description":"If you're working with a German-language legal style, use this grouping to prevent statutes and contributions in legal commentaries from appearing in the bibliography. Legal commentaries and all other sources will appear in the first section of the bibliography. Court decisions are listed in a second section.\r\n","description_localized":{"de":"Sie möchten Gesetzestexte im Text zitieren, aber nicht im Literaturverzeichnis aufführen. Beiträge aus Gesetzeskommentaren sollen im Text erscheinen, während im Literaturverzeichnis nur der Gesetzeskommentar als Ganzes erscheinen soll.\r\n\r\nGerichtsentscheidungen werden danach in einem zweiten Abschnitt aufgeführt.\r\n"},"Id":"cdf01bd1-d0a4-45b5-b3b1-3bd8c0ce525f","Name":"Literatur, Rechtsprechung","name_localized":{"de":"Literatur, Rechtsprechung"},"manifest_version":1,"Version":{"Major":1,"Minor":0,"Build":0,"Revision":9,"MajorRevision":0,"MinorRevision":9}}