﻿{"citavi_min_version":{"Major":5,"Minor":8,"Build":0,"Revision":0,"MajorRevision":0,"MinorRevision":0},"Description":"Im Literaturverzeichnis erscheint zuerst die zitierte Literatur. Aufgeführt werden Gesetzeskommentare, aber keine Beiträge aus Gesetzeskommentaren. Auch Gesetze werden im Literaturverzeichnis unterdrückt.\r\n\r\nIn einem zusätzlichen Abschnitt erscheinen die zitierten Gerichtsurteile.\r\n","description_localized":{},"Id":"cdf01bd1-d0a4-45b5-b3b1-3bd8c0ce525f","Name":"Literatur, Rechtsprechung","name_localized":{},"manifest_version":1,"Version":{"Major":1,"Minor":0,"Build":0,"Revision":2,"MajorRevision":0,"MinorRevision":0}}