﻿{"citavi_min_version":{"Major":5,"Minor":8,"Build":0,"Revision":0,"MajorRevision":0,"MinorRevision":0},"Description":"Diese Gruppierungsdefinition sorgt dafür, dass in Ihrem Literaturverzeichnis zuerst die unselbständige Literatur (Aufsätze in Zeitschriften, Zeitungen und Büchern) erscheinen. Danach werden alle selbständigen Quellen aufgeführt (Bücher, Internetseiten etc.) aufgeführt.","description_localized":{"de":"Diese Gruppierungsdefinition sorgt dafür, dass in Ihrem Literaturverzeichnis zuerst die unselbständige Literatur (Aufsätze in Zeitschriften, Zeitungen und Büchern) erscheinen. Danach werden alle selbständigen Quellen aufgeführt (Bücher, Internetseiten etc.) aufgeführt."},"Id":"9ce925d2-f5dd-4a57-ad76-6889bcfab946","Name":"Unselbständige, selbständige Literatur","name_localized":{"de":"Unselbständige, selbständige Literatur"},"manifest_version":1,"Version":{"Major":1,"Minor":0,"Build":0,"Revision":2,"MajorRevision":0,"MinorRevision":0}}