﻿{"Language":"de","citavi_min_version":{"Major":5,"Minor":8,"Build":0,"Revision":0,"MajorRevision":0,"MinorRevision":0},"Description":"Sie haben in Ihrem Citavi-Projekt zwei Gruppen erstellt. Eine Gruppe benennen Sie Primärliteratur, die andere Sekundärliteratur. Sie haben alle zitierten Titel eine der beiden Gruppen zugewiesen.\r\n\r\nDiese Gruppierungsdefinition sorgt dafür, dass Ihr Literaturverzeichnis nach Primär- und Sekundärliteratur unterteilt ist. ","description_localized":{"de":"Sie haben in Ihrem Citavi-Projekt zwei Gruppen erstellt. Eine Gruppe benennen Sie Primärliteratur, die andere Sekundärliteratur. Sie haben alle zitierten Titel eine der beiden Gruppen zugewiesen.\r\n\r\nDiese Gruppierungsdefinition sorgt dafür, dass Ihr Literaturverzeichnis nach Primär- und Sekundärliteratur unterteilt ist. "},"Id":"5e38f16c-5cc2-426e-aa93-e78ed31e2add","Name":"Primärliteratur, Sekundärliteratur","name_localized":{"de":"Primärliteratur, Sekundärliteratur"},"manifest_version":1,"Version":{"Major":1,"Minor":0,"Build":0,"Revision":0,"MajorRevision":0,"MinorRevision":0}}